INSERT INTO clientes(cpfcliente,nome,data_nascimento,genero) values
('41597400201','Rafael Neves Melo','1980-12-20','F'),
('49914766802','Maria Brito Pereira','1946-03-29','M'),
('66066056403','Isadora Brito Airez','1993-12-16','F'),
('06764228904','RaFael Brasil Brito','1966-06-23','M'),
('12922909805','Pedro Brasil Brasil','1967-07-31','M'),
('06328386506','Pedro Silva Silva','1964-03-13','M'),
('49336575907','Maicon Melo Silva','1994-03-19','F');


INSERT INTO vendedores(cpf,nome,salario,qtd_dependentes) values
('40836022408','Rafael Neves Brasil',2000,1),
('54605716609','Gabryel Pereira Pinho',1500,2),
('76444408910','Isadora Pinho Oliveira',4000,0),
('21310038311','Isadora Brasil Brito',1500,1),
('63740753912','Maicon Brasil Silva',2000,0);



INSERT INTO nota_fiscal(numeronf,cliente,cpf_vendedor,desconto,nome_gerente,data) values
('1','41597400201','40836022408',0.10,'Roberto Silva','2021-02-02 18:00:00'),
('2','49914766802','40836022408',0.15,'Roberto Silva','2021-02-03 09:00:00'),
('3','66066056403','40836022408',0.18,'Roberto Silva','2021-02-03 18:00:00'),
('4','06764228904','40836022408',0,NULL,'2021-02-04 09:00:00'),
('5','41597400201','40836022408',0,NULL,'2021-04-05 18:00:00'),
('6','41597400201','40836022408',0,NULL,'2021-04-06 09:00:00'),
('7','41597400201','40836022408',0,NULL,'2021-05-06 18:00:00'),
('8','41597400201','76444408910',0,NULL,'2021-06-07 09:00:00'),
('9','41597400201','76444408910',0,NULL,'2021-07-07 18:00:00'),
('10','66066056403','63740753912',0,NULL,'2021-08-01 09:00:00'),
('11','66066056403','63740753912',0.05,'Roberto Silva','2021-08-02 18:00:00'),
('12','06764228904','63740753912',0.02,'Roberto Silva','2021-09-03 09:00:00'),
('13','06764228904','63740753912',0.02,'Daniel Carlos','2021-09-03 18:00:00'),
('14','66066056403','76444408910',0,NULL,'2021-09-02 18:00:00'),
('15','66066056403','76444408910',0,NULL,'2021-09-02 18:00:00'),
('16','41597400201','40836022408',0,NULL,'2021-09-02 18:00:00'),
('17','41597400201','54605716609',0,NULL,'2021-09-02 18:00:00'),
('18','41597400201','76444408910',0,NULL,'2021-09-02 18:00:00'),
('19','41597400201','21310038311',0,NULL,'2021-09-02 18:00:00'),
('20','41597400201','63740753912',0,NULL,'2021-09-02 18:00:00'),
('21','41597400201','40836022408',0,NULL,'2021-09-02 18:00:00'),
('22','49914766802','54605716609',0,NULL,'2021-09-15 18:00:00'),
('23','49914766802','76444408910',0,NULL,'2021-09-16 18:00:00'),
('24','49914766802','21310038311',0,NULL,'2021-09-20 18:00:00'),
('25','49336575907','63740753912',0,NULL,'2021-10-02 18:00:00'),
('26','49336575907','40836022408',0,NULL,'2021-10-03 18:00:00'),
('27','49336575907','54605716609',0,NULL,'2021-10-04 18:00:00'),
('28','49914766802','76444408910',0,NULL,'2021-10-05 18:00:00'),
('29','49914766802','21310038311',0,NULL,'2021-10-06 18:00:00'),
('30','12922909805','63740753912',0,NULL,'2021-10-07 18:00:00'),
('31','12922909805','40836022408',0,NULL,'2021-10-07 18:00:00'),
('32','NULL','54605716609',0,NULL,'2021-10-07 18:00:00'),
('33','NULL','76444408910',0,NULL,'2021-10-07 18:00:00'),
('34','NULL','21310038311',0,NULL,'2021-10-07 18:00:00'),
('35','NULL','63740753912',0,NULL,'2021-10-07 18:00:00'),
('36','06764228904','54605716609',0.05,'Daniel Carlos','2021-5-2 14:29:15'),
('37','49336575907','63740753912',0,'Daniel Carlos','2021-11-8 13:59:02'),
('38','12922909805','21310038311',0.15,'Roberto Silva','2021-3-14 16:52:16'),
('39','06764228904','40836022408',0.02,'Daniel Carlos','2021-1-13 14:27:20'),
('40','41597400201','63740753912',0.10,'Daniel Carlos','2021-3-2 9:00:36'),
('41','41597400201','40836022408',0.05,NULL,'2021-8-24 9:30:02'),
('42','49336575907','21310038311',0.10,'Roberto Silva','2021-3-14 9:24:03'),
('43','06328386506','40836022408',0.18,'Daniel Carlos','2021-9-7 13:37:27'),
('44','41597400201','40836022408',0.05,'Roberto Silva','2021-2-12 17:10:41'),
('45','12922909805','21310038311',0.05,'Roberto Silva','2020-12-16 14:37:38'),
('46','66066056403','63740753912',0.15,NULL,'2020-12-14 12:48:45'),
('47','49336575907','54605716609',0.18,'Daniel Carlos','2021-4-5 17:29:57'),
('48','49914766802','21310038311',0.15,'Roberto Silva','2021-5-18 11:44:57'),
('49','12922909805','54605716609',0.05,'Daniel Carlos','2021-1-13 10:05:47'),
('50','06328386506','54605716609',0.05,'Roberto Silva','2021-7-22 15:35:54'),
('51','41597400201','21310038311',0.05,'Roberto Silva','2021-9-16 10:56:55'),
('52','06328386506','76444408910',0.10,'Daniel Carlos','2021-8-24 11:16:00'),
('53','49336575907','54605716609',0.05,'Daniel Carlos','2021-10-22 17:04:50'),
('54','12922909805','63740753912',0.18,NULL,'2021-7-24 10:14:05'),
('55','49336575907','21310038311',0.10,NULL,'2021-11-15 16:24:46'),
('56','06764228904','40836022408',0.18,'Daniel Carlos','2021-7-14 14:29:24'),
('57','41597400201','63740753912',0.05,'Daniel Carlos','2021-8-31 14:48:48'),
('58','49336575907','21310038311',0,NULL,'2021-11-4 10:22:29'),
('59','06764228904','76444408910',0.18,'Daniel Carlos','2021-8-4 17:10:24'),
('60','41597400201','40836022408',0.10,'Daniel Carlos','2021-10-13 11:10:54'),
('61','06328386506','21310038311',0.18,'Daniel Carlos','2021-5-25 11:24:03'),
('62','06328386506','21310038311',0.02,'Roberto Silva','2021-11-11 9:58:48'),
('63','06764228904','21310038311',0.02,'Roberto Silva','2021-10-3 17:33:42'),
('64','49914766802','54605716609',0.10,NULL,'2021-9-30 12:08:10'),
('65','41597400201','21310038311',0,NULL,'2021-6-29 10:59:50'),
('66','49336575907','76444408910',0.18,'Roberto Silva','2021-1-20 12:15:33'),
('67','41597400201','63740753912',0,'Roberto Silva','2021-4-21 10:45:40'),
('68','06764228904','54605716609',0.05,'Daniel Carlos','2021-2-5 9:11:39'),
('69','49914766802','54605716609',0.05,'Daniel Carlos','2021-1-28 17:50:21'),
('70','66066056403','40836022408',0.10,NULL,'2021-7-18 14:51:41'),
('71','49336575907','63740753912',0.10,NULL,'2021-2-28 11:40:13'),
('72','06764228904','54605716609',0,'Roberto Silva','2021-7-3 16:13:34'),
('73','06328386506','63740753912',0.02,'Daniel Carlos','2021-1-12 9:30:46'),
('74','06328386506','76444408910',0.15,'Roberto Silva','2021-11-6 15:14:00'),
('75','06764228904','63740753912',0.10,'Roberto Silva','2021-11-16 13:26:26'),
('76','12922909805','63740753912',0.10,NULL,'2021-11-8 9:54:13'),
('77','06328386506','21310038311',0.02,NULL,'2021-1-18 14:07:31'),
('78','66066056403','63740753912',0.05,'Roberto Silva','2021-11-11 11:17:56'),
('79','49914766802','54605716609',0.18,'Daniel Carlos','2021-1-17 10:51:40'),
('80','06764228904','40836022408',0.05,NULL,'2021-3-31 17:25:08'),
('81','41597400201','21310038311',0,'Daniel Carlos','2020-12-28 16:30:13'),
('82','12922909805','21310038311',0.15,NULL,'2021-5-1 9:36:07'),
('83','49336575907','76444408910',0.15,NULL,'2021-5-16 13:43:48'),
('84','06764228904','21310038311',0.15,'Roberto Silva','2021-6-6 13:32:56'),
('85','06328386506','76444408910',0.10,'Roberto Silva','2021-8-8 16:15:07'),
('86','49336575907','76444408910',0.10,NULL,'2021-6-10 16:48:24'),
('87','41597400201','40836022408',0.10,'Roberto Silva','2021-4-4 12:25:45'),
('88','06764228904','76444408910',0.18,NULL,'2021-12-1 9:36:03'),
('89','06328386506','21310038311',0.02,NULL,'2021-6-4 9:17:22'),
('90','49914766802','21310038311',0.10,NULL,'2020-12-27 12:58:00'),
('91','12922909805','21310038311',0,NULL,'2021-9-1 16:20:38'),
('92','49336575907','76444408910',0,NULL,'2021-6-4 17:12:59'),
('93','06328386506','63740753912',0.15,'Roberto Silva','2021-11-24 17:07:16'),
('94','49336575907','76444408910',0.18,NULL,'2021-5-15 16:55:57'),
('95','12922909805','63740753912',0.10,NULL,'2021-9-21 15:23:23'),
('96','06764228904','40836022408',0.15,'Roberto Silva','2021-9-29 13:06:23'),
('97','06328386506','54605716609',0.18,'Roberto Silva','2021-9-30 10:00:20'),
('98','49914766802','40836022408',0.05,'Roberto Silva','2021-9-21 16:52:35'),
('99','49914766802','21310038311',0.18,NULL,'2021-3-10 15:16:59'),
('100','06764228904','21310038311',0.18,NULL,'2021-5-28 12:49:38'),
('101','66066056403','54605716609',0.10,'Daniel Carlos','2021-8-28 17:47:45'),
('102','06328386506','40836022408',0.02,'Roberto Silva','2021-2-2 9:42:25'),
('103','49914766802','63740753912',0.05,'Roberto Silva','2020-12-10 10:50:38'),
('104','06328386506','63740753912',0.18,'Daniel Carlos','2021-10-18 9:17:12'),
('105','06328386506','63740753912',0.18,'Roberto Silva','2021-6-6 12:21:51'),
('106','41597400201','40836022408',0.18,'Roberto Silva','2021-10-23 14:40:22'),
('107','41597400201','40836022408',0.18,'Roberto Silva','2021-11-17 14:11:12'),
('108','49914766802','40836022408',0,'Daniel Carlos','2021-9-24 13:14:53'),
('109','06764228904','54605716609',0,'Daniel Carlos','2021-8-6 10:28:02'),
('110','66066056403','54605716609',0.15,'Roberto Silva','2021-4-13 14:42:55'),
('111','06764228904','40836022408',0.05,'Daniel Carlos','2021-2-4 9:08:34'),
('112','49336575907','21310038311',0.10,NULL,'2021-6-28 11:09:05'),
('113','06764228904','21310038311',0.05,'Roberto Silva','2021-10-28 11:20:12'),
('114','66066056403','76444408910',0.10,'Roberto Silva','2021-9-3 15:04:14'),
('115','12922909805','76444408910',0.15,'Daniel Carlos','2021-5-19 10:24:02'),
('116','06764228904','40836022408',0.10,'Daniel Carlos','2021-7-24 12:58:29'),
('117','06328386506','21310038311',0.10,NULL,'2021-11-15 16:54:52'),
('118','66066056403','21310038311',0,'Daniel Carlos','2021-9-20 12:48:07'),
('119','12922909805','21310038311',0,NULL,'2021-5-30 16:03:01'),
('120','06764228904','76444408910',0.15,'Roberto Silva','2021-10-22 17:42:17'),
('121','06328386506','76444408910',0.05,'Daniel Carlos','2021-11-23 17:43:29'),
('122','49336575907','76444408910',0.15,NULL,'2021-6-28 12:43:41'),
('123','06764228904','76444408910',0.15,NULL,'2021-6-4 10:11:47'),
('124','06764228904','54605716609',0,'Roberto Silva','2021-9-13 16:11:20'),
('125','06328386506','40836022408',0,NULL,'2021-10-17 11:31:30'),
('126','12922909805','76444408910',0.18,'Roberto Silva','2021-1-16 12:40:37'),
('127','06328386506','40836022408',0,'Roberto Silva','2021-2-5 16:42:34'),
('128','41597400201','54605716609',0.05,'Daniel Carlos','2020-12-6 9:24:02'),
('129','49914766802','54605716609',0.18,'Roberto Silva','2021-3-9 11:48:19'),
('130','41597400201','63740753912',0.15,'Daniel Carlos','2021-4-8 10:40:24'),
('131','06328386506','63740753912',0,'Roberto Silva','2021-1-25 16:25:23'),
('132','06764228904','63740753912',0.05,'Roberto Silva','2021-11-5 12:48:47'),
('133','41597400201','63740753912',0.18,NULL,'2021-4-15 17:25:14'),
('134','06764228904','40836022408',0.05,NULL,'2021-6-3 13:15:58'),
('135','06764228904','21310038311',0.02,'Roberto Silva','2021-10-21 14:55:43'),
('136','41597400201','54605716609',0.18,'Daniel Carlos','2021-6-3 16:02:24'),
('137','06328386506','63740753912',0.18,'Roberto Silva','2021-2-17 16:15:19'),
('138','06764228904','21310038311',0.18,'Roberto Silva','2021-5-15 13:24:23'),
('139','49336575907','63740753912',0.10,'Daniel Carlos','2021-3-17 10:12:51'),
('140','06764228904','21310038311',0.10,'Roberto Silva','2021-6-13 9:50:31'),
('141','06328386506','76444408910',0,'Daniel Carlos','2021-4-29 13:32:24'),
('142','66066056403','40836022408',0.05,'Daniel Carlos','2021-7-16 17:02:50'),
('143','06764228904','54605716609',0.05,'Roberto Silva','2021-8-19 9:11:12'),
('144','49914766802','76444408910',0.05,'Daniel Carlos','2021-1-9 15:03:17'),
('145','06764228904','54605716609',0.10,'Daniel Carlos','2021-1-21 16:57:43'),
('146','06328386506','54605716609',0.10,'Roberto Silva','2021-4-13 14:46:09'),
('147','06328386506','54605716609',0.10,'Roberto Silva','2021-1-4 10:06:30'),
('148','06764228904','76444408910',0.18,'Daniel Carlos','2021-8-5 17:53:53'),
('149','06764228904','63740753912',0.10,'Daniel Carlos','2021-7-6 14:12:40'),
('150','06764228904','54605716609',0.02,'Daniel Carlos','2021-3-15 12:56:25'),
('151','06764228904','76444408910',0.18,'Roberto Silva','2021-5-21 9:29:51'),
('152','66066056403','21310038311',0,'Daniel Carlos','2021-10-24 13:43:07'),
('153','66066056403','21310038311',0.05,NULL,'2021-2-9 11:04:04'),
('154','12922909805','63740753912',0.02,'Daniel Carlos','2021-4-1 11:29:47'),
('155','06328386506','40836022408',0.10,'Roberto Silva','2021-1-18 15:44:58'),
('156','06764228904','40836022408',0.15,'Daniel Carlos','2021-8-10 16:56:42'),
('157','06328386506','40836022408',0.02,NULL,'2021-4-23 12:46:48'),
('158','49336575907','54605716609',0.02,NULL,'2020-12-6 13:02:45'),
('159','49914766802','40836022408',0.10,NULL,'2021-9-30 15:49:32'),
('160','06764228904','76444408910',0.05,'Daniel Carlos','2021-11-8 15:01:57'),
('161','41597400201','63740753912',0,NULL,'2020-12-12 10:46:06'),
('162','12922909805','76444408910',0.05,'Roberto Silva','2021-3-4 10:26:49'),
('163','06764228904','40836022408',0.15,'Daniel Carlos','2021-6-12 11:41:13'),
('164','06328386506','21310038311',0,'Daniel Carlos','2021-3-19 9:34:21'),
('165','49336575907','76444408910',0.10,'Roberto Silva','2021-6-23 11:09:08'),
('166','12922909805','40836022408',0.15,'Daniel Carlos','2021-7-20 15:36:37'),
('167','41597400201','63740753912',0.10,NULL,'2021-1-16 17:44:24'),
('168','49914766802','21310038311',0,'Daniel Carlos','2021-9-13 16:00:28'),
('169','06764228904','21310038311',0.10,NULL,'2021-10-7 12:19:50'),
('170','49914766802','54605716609',0.05,NULL,'2021-3-30 13:12:03'),
('171','66066056403','76444408910',0,'Daniel Carlos','2021-4-2 16:00:34'),
('172','06328386506','21310038311',0.10,'Daniel Carlos','2021-1-18 14:52:28'),
('173','06328386506','63740753912',0.02,NULL,'2021-4-27 9:12:07'),
('174','12922909805','54605716609',0.10,NULL,'2021-9-6 9:51:45'),
('175','49336575907','76444408910',0.05,'Daniel Carlos','2021-1-14 12:13:03'),
('176','66066056403','21310038311',0,'Roberto Silva','2021-10-17 9:28:30'),
('177','06328386506','21310038311',0,'Roberto Silva','2021-2-28 15:38:32'),
('178','41597400201','40836022408',0.15,'Roberto Silva','2021-10-6 10:57:33'),
('179','41597400201','54605716609',0.05,'Daniel Carlos','2021-1-23 14:55:26'),
('180','41597400201','21310038311',0.18,NULL,'2021-6-25 17:09:57'),
('181','49914766802','76444408910',0.18,NULL,'2021-10-1 11:47:39'),
('182','12922909805','21310038311',0.05,'Roberto Silva','2021-10-31 15:46:31'),
('183','49914766802','54605716609',0.18,'Roberto Silva','2021-10-21 12:32:58'),
('184','06764228904','21310038311',0.05,'Roberto Silva','2021-2-20 9:26:36'),
('185','06328386506','21310038311',0.02,'Daniel Carlos','2021-1-30 14:11:59'),
('186','49914766802','76444408910',0.15,NULL,'2021-6-30 15:59:12'),
('187','06764228904','54605716609',0.02,NULL,'2021-6-23 11:23:01'),
('188','06764228904','54605716609',0.10,'Roberto Silva','2021-1-9 10:49:36'),
('189','49914766802','63740753912',0.10,'Daniel Carlos','2021-1-4 10:40:25'),
('190','41597400201','21310038311',0.18,NULL,'2021-11-6 12:49:12'),
('191','49914766802','40836022408',0.10,'Daniel Carlos','2021-6-26 15:41:05'),
('192','66066056403','63740753912',0.18,'Roberto Silva','2020-12-18 10:44:34'),
('193','49336575907','63740753912',0,NULL,'2021-10-30 11:18:21'),
('194','66066056403','63740753912',0.02,NULL,'2021-8-5 9:24:48'),
('195','06328386506','21310038311',0.18,'Roberto Silva','2021-5-28 13:16:38'),
('196','66066056403','54605716609',0.10,'Roberto Silva','2021-10-4 9:48:12'),
('197','12922909805','63740753912',0.05,'Daniel Carlos','2021-7-15 9:28:47'),
('198','41597400201','21310038311',0.15,'Daniel Carlos','2021-11-11 10:40:06'),
('199','06328386506','76444408910',0.10,'Roberto Silva','2021-9-7 11:31:05'),
('200','66066056403','76444408910',0.05,'Roberto Silva','2021-7-23 13:31:26'),
('201','66066056403','40836022408',0.02,NULL,'2021-8-31 11:04:37'),
('202','41597400201','54605716609',0,'Roberto Silva','2021-6-22 12:53:40'),
('203','41597400201','63740753912',0.02,'Roberto Silva','2021-10-1 14:23:39'),
('204','06764228904','63740753912',0,'Roberto Silva','2021-1-5 16:36:04'),
('205','49336575907','21310038311',0.02,'Daniel Carlos','2021-7-28 9:00:25'),
('206','49914766802','63740753912',0.10,NULL,'2021-6-22 13:56:08'),
('207','49336575907','54605716609',0.02,NULL,'2021-2-21 13:35:44'),
('208','12922909805','21310038311',0.05,NULL,'2021-6-8 17:42:43'),
('209','41597400201','21310038311',0,NULL,'2021-2-2 12:28:21'),
('210','49336575907','54605716609',0.15,'Daniel Carlos','2021-10-28 13:54:30'),
('211','66066056403','76444408910',0.15,'Daniel Carlos','2021-5-21 15:58:39'),
('212','66066056403','76444408910',0.10,'Daniel Carlos','2021-2-1 14:12:59'),
('213','06328386506','54605716609',0,'Daniel Carlos','2021-5-13 17:51:21'),
('214','06328386506','40836022408',0.15,'Roberto Silva','2021-11-18 17:08:38'),
('215','49914766802','76444408910',0.02,'Roberto Silva','2021-3-26 12:37:59'),
('216','12922909805','54605716609',0.10,'Roberto Silva','2021-2-5 11:50:11'),
('217','66066056403','54605716609',0.05,'Roberto Silva','2021-8-25 15:18:02'),
('218','06764228904','54605716609',0.18,'Daniel Carlos','2021-10-10 15:05:05'),
('219','12922909805','21310038311',0.10,'Roberto Silva','2021-2-28 10:12:22'),
('220','66066056403','40836022408',0.10,'Daniel Carlos','2021-7-11 9:30:36'),
('221','12922909805','54605716609',0.10,'Roberto Silva','2021-2-16 14:36:19'),
('222','41597400201','76444408910',0.18,'Daniel Carlos','2021-7-8 13:06:29'),
('223','12922909805','40836022408',0.18,'Daniel Carlos','2021-3-10 12:05:55'),
('224','06328386506','63740753912',0,NULL,'2021-8-27 15:09:14'),
('225','49336575907','76444408910',0.18,NULL,'2021-5-19 10:18:32'),
('226','06764228904','76444408910',0.15,'Daniel Carlos','2021-10-25 17:03:57'),
('227','06328386506','54605716609',0.18,'Roberto Silva','2021-7-6 14:46:35'),
('228','49914766802','54605716609',0.10,'Roberto Silva','2021-5-24 16:09:33'),
('229','66066056403','76444408910',0.15,'Daniel Carlos','2021-10-28 11:16:51'),
('230','49336575907','40836022408',0.18,'Roberto Silva','2021-4-4 13:08:33'),
('231','06764228904','76444408910',0.15,'Daniel Carlos','2020-12-14 10:26:16'),
('232','49914766802','21310038311',0.15,NULL,'2021-8-15 13:22:29'),
('233','49336575907','63740753912',0.02,'Roberto Silva','2021-5-31 15:48:11'),
('234','06328386506','21310038311',0.02,NULL,'2021-3-23 12:57:52'),
('235','49336575907','54605716609',0,NULL,'2021-9-21 13:48:32'),
('236','66066056403','76444408910',0,'Roberto Silva','2021-2-16 9:27:32'),
('237','49336575907','40836022408',0.10,NULL,'2021-6-21 13:22:45'),
('238','49336575907','40836022408',0,NULL,'2021-3-25 10:27:59'),
('239','49336575907','54605716609',0.18,NULL,'2021-4-27 15:14:27'),
('240','12922909805','21310038311',0.02,NULL,'2021-1-21 10:21:30'),
('241','12922909805','21310038311',0.05,'Roberto Silva','2021-7-27 11:57:59'),
('242','12922909805','21310038311',0.18,NULL,'2021-9-5 13:11:10'),
('243','12922909805','21310038311',0.15,'Daniel Carlos','2021-4-10 12:44:57'),
('244','41597400201','40836022408',0.05,'Roberto Silva','2021-7-22 13:26:18'),
('245','49336575907','54605716609',0.05,'Roberto Silva','2021-3-17 14:20:19'),
('246','41597400201','40836022408',0.10,NULL,'2021-11-4 13:41:41'),
('247','41597400201','76444408910',0.02,NULL,'2021-3-25 13:03:08'),
('248','66066056403','21310038311',0.18,NULL,'2021-7-17 11:27:07'),
('249','41597400201','76444408910',0.05,'Roberto Silva','2021-6-4 13:44:24'),
('250','12922909805','63740753912',0.10,'Roberto Silva','2021-4-28 12:09:41'),
('251','41597400201','40836022408',0,NULL,'2020-12-23 16:01:04'),
('252','12922909805','21310038311',0.05,'Roberto Silva','2020-12-12 9:41:42'),
('253','49914766802','63740753912',0.05,'Daniel Carlos','2021-8-20 9:58:44'),
('254','41597400201','21310038311',0.15,'Roberto Silva','2021-2-8 13:38:20'),
('255','49336575907','54605716609',0.02,'Daniel Carlos','2021-9-18 9:06:37'),
('256','41597400201','54605716609',0.10,'Roberto Silva','2021-10-9 17:17:38'),
('257','66066056403','76444408910',0.15,'Daniel Carlos','2021-5-30 15:10:51'),
('258','66066056403','63740753912',0,NULL,'2021-3-21 15:35:03'),
('259','06764228904','40836022408',0.05,'Roberto Silva','2021-6-14 12:38:14'),
('260','49336575907','40836022408',0.10,NULL,'2021-4-26 16:13:04'),
('261','06328386506','63740753912',0.15,'Roberto Silva','2021-10-13 10:03:00'),
('262','41597400201','63740753912',0.10,'Daniel Carlos','2021-4-19 10:33:30'),
('263','49914766802','76444408910',0.02,'Daniel Carlos','2021-1-24 12:00:12'),
('264','06764228904','40836022408',0.15,'Daniel Carlos','2021-3-3 12:32:09'),
('265','41597400201','21310038311',0,'Roberto Silva','2020-12-30 12:10:12'),
('266','66066056403','54605716609',0.05,NULL,'2021-5-10 17:33:31'),
('267','49914766802','21310038311',0.02,'Roberto Silva','2021-5-19 16:01:15'),
('268','41597400201','40836022408',0.02,NULL,'2021-3-16 13:56:45'),
('269','06328386506','63740753912',0.02,'Roberto Silva','2021-3-26 16:15:07'),
('270','12922909805','63740753912',0.18,'Roberto Silva','2021-6-5 16:10:57'),
('271','66066056403','54605716609',0.18,'Roberto Silva','2021-4-13 13:41:08'),
('272','66066056403','21310038311',0.10,'Roberto Silva','2021-2-28 11:50:18'),
('273','41597400201','40836022408',0.05,NULL,'2021-10-18 10:40:49'),
('274','12922909805','63740753912',0,'Daniel Carlos','2021-10-28 12:05:04'),
('275','41597400201','63740753912',0.10,'Roberto Silva','2021-5-14 15:19:39'),
('276','06764228904','40836022408',0.10,'Roberto Silva','2021-2-22 11:39:55'),
('277','41597400201','40836022408',0.18,'Roberto Silva','2021-10-21 12:05:13'),
('278','49914766802','63740753912',0.10,NULL,'2021-8-26 10:01:46'),
('279','12922909805','40836022408',0.10,NULL,'2021-11-20 16:49:52'),
('280','49914766802','54605716609',0.18,'Roberto Silva','2021-10-4 12:43:51'),
('281','41597400201','21310038311',0.10,'Roberto Silva','2021-2-28 11:59:40'),
('282','06764228904','21310038311',0.18,'Roberto Silva','2021-8-10 10:25:45'),
('283','66066056403','40836022408',0.15,NULL,'2021-9-7 12:57:01'),
('284','06764228904','76444408910',0.18,'Roberto Silva','2021-7-25 16:42:11'),
('285','06764228904','76444408910',0.05,'Daniel Carlos','2021-3-7 11:45:02'),
('286','41597400201','21310038311',0.10,'Roberto Silva','2021-5-27 15:43:56'),
('287','41597400201','63740753912',0.10,'Daniel Carlos','2021-10-4 11:46:04'),
('288','49336575907','63740753912',0.18,NULL,'2021-9-2 10:52:58'),
('289','06764228904','54605716609',0.02,'Daniel Carlos','2020-12-27 9:32:54'),
('290','66066056403','21310038311',0.05,NULL,'2021-2-15 11:32:27'),
('291','06328386506','21310038311',0.05,'Daniel Carlos','2021-10-16 16:29:16'),
('292','49914766802','40836022408',0,NULL,'2021-5-21 11:41:35'),
('293','49914766802','76444408910',0.05,NULL,'2021-10-14 14:18:27'),
('294','06764228904','21310038311',0.18,NULL,'2021-11-17 13:51:04'),
('295','41597400201','76444408910',0.02,'Roberto Silva','2021-7-21 15:58:45'),
('296','06764228904','63740753912',0.15,'Roberto Silva','2020-12-6 10:41:11'),
('297','66066056403','63740753912',0.18,'Roberto Silva','2021-10-12 16:32:15'),
('298','12922909805','40836022408',0.02,'Daniel Carlos','2021-10-5 11:46:20'),
('299','06328386506','40836022408',0.10,'Roberto Silva','2020-12-5 16:03:29'),
('300','49914766802','40836022408',0.10,'Daniel Carlos','2021-5-7 9:59:48'),
('301','06328386506','40836022408',0,NULL,'2021-9-2 9:16:36'),
('302','12922909805','40836022408',0.02,'Roberto Silva','2021-8-28 11:17:58'),
('303','06764228904','54605716609',0.05,NULL,'2021-3-5 16:25:29'),
('304','41597400201','40836022408',0.18,NULL,'2021-2-10 14:12:50'),
('305','49336575907','21310038311',0,NULL,'2021-1-26 14:04:13'),
('306','12922909805','21310038311',0,'Daniel Carlos','2021-10-19 11:13:23'),
('307','49336575907','54605716609',0.02,'Roberto Silva','2021-10-23 11:36:04'),
('308','06328386506','76444408910',0.10,'Roberto Silva','2021-1-8 14:44:48'),
('309','06328386506','76444408910',0.05,NULL,'2021-10-1 16:05:39'),
('310','06328386506','54605716609',0.15,NULL,'2021-2-11 17:47:35'),
('311','12922909805','76444408910',0.02,NULL,'2021-3-17 12:05:14'),
('312','12922909805','40836022408',0.15,'Roberto Silva','2021-5-9 14:12:41'),
('313','49336575907','76444408910',0.18,NULL,'2020-12-14 12:26:29'),
('314','49914766802','40836022408',0.18,'Daniel Carlos','2020-12-20 16:19:54'),
('315','41597400201','40836022408',0.05,NULL,'2020-12-9 12:41:07'),
('316','49914766802','54605716609',0.18,'Daniel Carlos','2021-7-5 13:59:52'),
('317','49914766802','54605716609',0,NULL,'2021-6-8 13:47:01'),
('318','66066056403','40836022408',0.05,'Roberto Silva','2021-11-13 15:56:21'),
('319','06764228904','63740753912',0.15,'Daniel Carlos','2021-4-9 9:03:22'),
('320','49914766802','63740753912',0.05,NULL,'2021-3-13 15:09:08'),
('321','12922909805','54605716609',0.18,'Daniel Carlos','2021-7-12 9:07:17'),
('322','41597400201','21310038311',0.15,'Daniel Carlos','2020-12-6 12:12:19'),
('323','41597400201','63740753912',0.15,'Daniel Carlos','2021-3-9 9:42:14'),
('324','41597400201','54605716609',0.15,'Roberto Silva','2021-9-26 14:54:23'),
('325','49914766802','54605716609',0.02,'Roberto Silva','2021-8-30 9:24:36'),
('326','66066056403','21310038311',0,'Roberto Silva','2021-8-15 12:43:44'),
('327','06328386506','54605716609',0,'Daniel Carlos','2021-6-30 15:34:48'),
('328','06328386506','63740753912',0,NULL,'2021-6-4 16:18:25'),
('329','06328386506','21310038311',0.15,NULL,'2021-9-14 10:41:18'),
('330','66066056403','40836022408',0.02,'Daniel Carlos','2021-8-20 14:24:36'),
('331','06328386506','76444408910',0.05,NULL,'2020-12-2 15:52:24'),
('332','41597400201','21310038311',0.15,'Roberto Silva','2021-5-31 13:18:19'),
('333','49336575907','40836022408',0.05,NULL,'2021-3-12 11:57:12'),
('334','49914766802','21310038311',0.05,'Daniel Carlos','2021-11-23 12:15:30'),
('335','66066056403','21310038311',0.05,'Roberto Silva','2021-3-12 15:29:52'),
('336','66066056403','40836022408',0.18,NULL,'2021-9-5 16:17:27'),
('337','06764228904','63740753912',0.02,'Roberto Silva','2021-3-13 15:17:41'),
('338','41597400201','40836022408',0.02,NULL,'2021-6-6 14:29:19'),
('339','49914766802','54605716609',0.05,'Roberto Silva','2021-7-17 14:34:35'),
('340','06328386506','63740753912',0.02,NULL,'2021-7-14 11:00:17'),
('341','41597400201','54605716609',0.02,'Roberto Silva','2021-7-6 11:43:12'),
('342','49336575907','21310038311',0.15,NULL,'2021-3-30 11:23:36'),
('343','12922909805','63740753912',0.18,'Daniel Carlos','2021-2-18 12:46:38'),
('344','41597400201','40836022408',0.15,'Roberto Silva','2021-2-4 12:17:43'),
('345','66066056403','54605716609',0.02,NULL,'2021-8-2 17:11:57'),
('346','49336575907','76444408910',0.10,'Roberto Silva','2021-11-5 14:36:23'),
('347','12922909805','40836022408',0.15,'Daniel Carlos','2021-4-12 12:08:48'),
('348','06328386506','54605716609',0,'Daniel Carlos','2021-4-27 15:52:40'),
('349','66066056403','21310038311',0,'Roberto Silva','2021-8-25 10:19:28'),
('350','41597400201','40836022408',0.10,'Daniel Carlos','2021-8-23 17:56:27'),
('351','06328386506','63740753912',0,NULL,'2021-7-5 15:29:45'),
('352','66066056403','21310038311',0.05,NULL,'2021-1-3 10:46:47'),
('353','06328386506','63740753912',0.18,'Roberto Silva','2021-3-2 9:12:33'),
('354','66066056403','21310038311',0.15,'Daniel Carlos','2021-11-29 13:25:06'),
('355','66066056403','40836022408',0.15,'Daniel Carlos','2021-1-27 9:18:27'),
('356','06328386506','54605716609',0.02,'Roberto Silva','2021-3-13 13:23:23'),
('357','41597400201','76444408910',0,'Daniel Carlos','2021-10-1 14:58:45'),
('358','12922909805','54605716609',0.18,'Daniel Carlos','2021-5-13 14:44:09'),
('359','66066056403','40836022408',0.18,NULL,'2021-5-13 17:34:59'),
('360','06328386506','40836022408',0.02,'Daniel Carlos','2021-2-28 12:10:58'),
('361','41597400201','76444408910',0.10,'Roberto Silva','2021-1-5 14:12:16'),
('362','12922909805','40836022408',0.02,NULL,'2021-1-14 15:42:54'),
('363','49336575907','40836022408',0,NULL,'2021-10-15 16:29:06'),
('364','49336575907','21310038311',0,'Daniel Carlos','2021-4-5 13:12:01'),
('365','49336575907','40836022408',0.18,'Daniel Carlos','2021-3-10 9:01:32'),
('366','41597400201','76444408910',0.15,NULL,'2021-7-2 11:42:08'),
('367','49336575907','40836022408',0.02,NULL,'2021-3-15 10:14:32'),
('368','66066056403','63740753912',0.02,'Daniel Carlos','2021-6-20 14:05:05'),
('369','12922909805','63740753912',0.05,'Daniel Carlos','2021-8-19 14:18:54'),
('370','06764228904','76444408910',0.15,'Roberto Silva','2021-3-2 16:41:15'),
('371','12922909805','21310038311',0.10,NULL,'2021-11-28 11:03:27'),
('372','66066056403','76444408910',0.15,NULL,'2021-8-25 11:34:01'),
('373','12922909805','40836022408',0.15,'Daniel Carlos','2021-6-23 17:36:24'),
('374','06328386506','21310038311',0.02,'Roberto Silva','2021-11-15 10:28:54'),
('375','06764228904','40836022408',0.18,'Roberto Silva','2021-10-17 16:22:01'),
('376','06328386506','40836022408',0,'Daniel Carlos','2021-3-30 10:36:34'),
('377','06328386506','54605716609',0,'Daniel Carlos','2021-1-25 15:37:15'),
('378','12922909805','63740753912',0,'Daniel Carlos','2021-4-2 17:31:40'),
('379','06764228904','40836022408',0,NULL,'2021-8-9 13:34:08'),
('380','06764228904','40836022408',0.02,'Daniel Carlos','2021-6-11 9:20:04'),
('381','06328386506','54605716609',0,'Daniel Carlos','2021-8-7 15:26:08'),
('382','49336575907','21310038311',0.15,NULL,'2021-6-28 16:36:35'),
('383','06328386506','40836022408',0.02,'Roberto Silva','2021-5-3 11:49:24'),
('384','66066056403','21310038311',0.15,NULL,'2021-10-27 11:59:54'),
('385','06328386506','54605716609',0.10,'Roberto Silva','2021-8-2 12:53:01'),
('386','06764228904','63740753912',0.10,'Roberto Silva','2021-10-27 16:38:08'),
('387','49336575907','76444408910',0.18,NULL,'2021-3-25 11:17:03'),
('388','66066056403','40836022408',0.18,NULL,'2021-7-27 14:56:01'),
('389','66066056403','76444408910',0.02,'Daniel Carlos','2021-1-9 17:41:20'),
('390','41597400201','21310038311',0.15,'Daniel Carlos','2021-11-8 14:00:44'),
('391','49336575907','40836022408',0.10,NULL,'2020-12-16 14:20:22'),
('392','06764228904','63740753912',0.15,'Roberto Silva','2021-2-6 11:16:53'),
('393','06764228904','76444408910',0.10,'Roberto Silva','2021-11-6 10:27:46'),
('394','12922909805','76444408910',0.18,NULL,'2020-12-5 9:17:31'),
('395','49336575907','63740753912',0.05,'Daniel Carlos','2021-5-23 16:56:17'),
('396','66066056403','76444408910',0.02,'Daniel Carlos','2021-8-29 9:23:47'),
('397','06328386506','54605716609',0.05,'Roberto Silva','2021-6-11 10:38:30'),
('398','66066056403','40836022408',0.15,'Roberto Silva','2021-8-16 13:50:04'),
('399','12922909805','54605716609',0.18,'Roberto Silva','2021-4-24 12:05:14'),
('400','06764228904','54605716609',0.10,'Roberto Silva','2021-12-1 13:26:39'),
('401','12922909805','21310038311',0.15,NULL,'2021-7-5 14:57:54'),
('402','41597400201','76444408910',0.02,NULL,'2021-2-19 16:58:07'),
('403','12922909805','63740753912',0.10,'Roberto Silva','2021-2-25 10:53:05'),
('404','49914766802','76444408910',0.10,NULL,'2021-7-8 10:04:57'),
('405','49336575907','63740753912',0.18,NULL,'2021-1-16 9:40:20'),
('406','41597400201','21310038311',0.18,NULL,'2021-5-26 14:43:56'),
('407','06328386506','40836022408',0.18,'Roberto Silva','2021-10-2 14:20:08'),
('408','49336575907','54605716609',0.05,'Daniel Carlos','2021-3-24 16:20:21'),
('409','06328386506','21310038311',0.02,NULL,'2021-2-10 9:49:49'),
('410','49336575907','76444408910',0.10,NULL,'2021-6-25 17:50:57'),
('411','12922909805','40836022408',0.15,NULL,'2021-9-25 17:59:07'),
('412','49914766802','21310038311',0.15,'Daniel Carlos','2020-12-18 16:22:39'),
('413','49914766802','54605716609',0.18,'Roberto Silva','2021-1-20 17:05:01'),
('414','49914766802','54605716609',0.05,'Daniel Carlos','2021-7-4 13:27:20'),
('415','49914766802','76444408910',0.15,'Daniel Carlos','2021-6-25 9:46:39'),
('416','41597400201','76444408910',0.05,'Daniel Carlos','2021-1-24 17:05:47'),
('417','06764228904','21310038311',0.10,'Roberto Silva','2021-10-13 15:36:03'),
('418','06764228904','63740753912',0.18,'Roberto Silva','2021-5-5 16:28:12'),
('419','49336575907','63740753912',0.15,NULL,'2021-10-3 15:24:02'),
('420','66066056403','21310038311',0.02,'Roberto Silva','2021-11-23 17:18:18'),
('421','06328386506','76444408910',0.05,'Roberto Silva','2021-2-12 10:44:35'),
('422','49336575907','40836022408',0.15,NULL,'2020-12-13 14:09:38'),
('423','06328386506','76444408910',0,'Roberto Silva','2021-6-22 17:07:32'),
('424','41597400201','54605716609',0.05,'Roberto Silva','2021-2-28 11:18:14'),
('425','12922909805','21310038311',0.10,NULL,'2021-8-14 16:25:03'),
('426','41597400201','21310038311',0.05,'Roberto Silva','2021-6-27 16:07:58'),
('427','06764228904','40836022408',0.02,'Roberto Silva','2021-10-13 11:18:43'),
('428','49336575907','40836022408',0.18,'Daniel Carlos','2021-4-25 17:04:00'),
('429','06328386506','40836022408',0.10,NULL,'2021-12-1 16:03:06'),
('430','49336575907','40836022408',0,NULL,'2021-7-1 10:36:00'),
('431','66066056403','21310038311',0.15,NULL,'2021-1-22 11:36:22'),
('432','41597400201','54605716609',0.05,'Daniel Carlos','2021-4-7 12:46:10'),
('433','49914766802','40836022408',0.05,'Daniel Carlos','2021-9-11 16:17:06'),
('434','49336575907','21310038311',0.15,'Roberto Silva','2021-10-8 16:47:03'),
('435','49914766802','21310038311',0.02,'Daniel Carlos','2021-6-6 11:04:52'),
('436','49336575907','63740753912',0.15,'Roberto Silva','2021-3-31 16:11:01'),
('437','49336575907','63740753912',0.18,NULL,'2021-10-5 15:10:33'),
('438','66066056403','54605716609',0.05,NULL,'2021-5-17 14:52:59'),
('439','12922909805','54605716609',0.05,'Roberto Silva','2020-12-7 15:51:15'),
('440','41597400201','76444408910',0.18,'Roberto Silva','2021-9-15 10:27:26'),
('441','49336575907','40836022408',0.02,'Roberto Silva','2021-2-5 9:46:59'),
('442','41597400201','76444408910',0,'Roberto Silva','2021-9-9 13:36:44'),
('443','49914766802','21310038311',0.10,'Daniel Carlos','2021-2-25 10:42:40'),
('444','41597400201','63740753912',0.18,'Roberto Silva','2021-8-18 11:46:41'),
('445','06328386506','21310038311',0.05,'Roberto Silva','2021-3-28 13:39:15'),
('446','41597400201','76444408910',0.10,NULL,'2021-10-3 14:17:50'),
('447','06328386506','54605716609',0.15,'Roberto Silva','2021-4-18 10:25:04'),
('448','66066056403','76444408910',0,'Roberto Silva','2021-9-15 11:59:30'),
('449','41597400201','40836022408',0.18,'Roberto Silva','2021-1-24 11:21:36'),
('450','49914766802','63740753912',0,NULL,'2021-3-18 13:34:07'),
('451','41597400201','76444408910',0.10,NULL,'2021-3-11 16:42:18'),
('452','12922909805','40836022408',0.02,NULL,'2021-2-10 12:29:47'),
('453','12922909805','40836022408',0.05,'Daniel Carlos','2021-5-24 9:13:44'),
('454','49336575907','21310038311',0.02,NULL,'2021-7-30 16:51:54'),
('455','06764228904','76444408910',0,'Roberto Silva','2021-8-17 16:30:57'),
('456','41597400201','63740753912',0.10,NULL,'2021-11-10 14:07:41'),
('457','06328386506','40836022408',0.10,NULL,'2021-9-10 9:45:11'),
('458','41597400201','76444408910',0.02,'Daniel Carlos','2021-9-23 12:52:02'),
('459','06328386506','63740753912',0.18,'Daniel Carlos','2021-7-5 17:24:28'),
('460','06764228904','21310038311',0.15,'Roberto Silva','2020-12-4 9:50:33'),
('461','12922909805','40836022408',0.18,'Roberto Silva','2021-7-2 15:26:39'),
('462','06328386506','63740753912',0.18,'Roberto Silva','2021-1-1 12:48:15'),
('463','49914766802','54605716609',0.15,'Daniel Carlos','2020-12-16 10:04:31'),
('464','12922909805','76444408910',0.15,'Daniel Carlos','2021-2-9 10:47:10'),
('465','06328386506','21310038311',0,NULL,'2021-2-6 13:56:58'),
('466','12922909805','40836022408',0.15,NULL,'2021-5-1 15:48:35'),
('467','66066056403','63740753912',0.15,'Daniel Carlos','2021-1-2 16:13:01'),
('468','06328386506','21310038311',0.05,'Daniel Carlos','2021-11-30 12:21:18'),
('469','06328386506','76444408910',0.15,'Daniel Carlos','2021-4-16 9:54:42'),
('470','41597400201','40836022408',0.10,NULL,'2021-11-16 10:13:16'),
('471','06328386506','40836022408',0.05,'Daniel Carlos','2021-3-31 13:19:52'),
('472','12922909805','76444408910',0,'Roberto Silva','2021-10-17 9:21:49'),
('473','49336575907','54605716609',0.15,NULL,'2021-4-12 12:44:47'),
('474','49914766802','21310038311',0.05,'Daniel Carlos','2021-10-18 15:18:56'),
('475','66066056403','54605716609',0,'Daniel Carlos','2021-7-5 14:00:51'),
('476','41597400201','21310038311',0.15,'Daniel Carlos','2021-7-19 14:46:42'),
('477','06328386506','63740753912',0.10,'Daniel Carlos','2021-3-13 14:33:25'),
('478','49914766802','40836022408',0.15,'Roberto Silva','2021-6-12 9:07:22'),
('479','06328386506','21310038311',0.05,'Roberto Silva','2021-6-7 9:52:24'),
('480','41597400201','76444408910',0.02,NULL,'2020-12-25 16:16:49'),
('481','06764228904','54605716609',0.15,NULL,'2021-8-20 15:06:30'),
('482','06328386506','40836022408',0,NULL,'2021-1-26 9:41:19'),
('483','66066056403','63740753912',0,'Daniel Carlos','2021-2-19 10:33:00'),
('484','41597400201','40836022408',0,NULL,'2021-1-22 10:04:32'),
('485','49336575907','54605716609',0.05,NULL,'2021-2-26 10:42:35'),
('486','06328386506','76444408910',0,'Roberto Silva','2021-8-17 17:54:52'),
('487','49336575907','76444408910',0.15,'Roberto Silva','2021-4-20 9:58:06'),
('488','12922909805','40836022408',0,'Daniel Carlos','2021-4-26 12:23:59'),
('489','06328386506','54605716609',0.15,NULL,'2021-10-20 16:34:09'),
('490','49336575907','54605716609',0.15,'Daniel Carlos','2021-7-8 15:06:23'),
('491','12922909805','54605716609',0,NULL,'2021-6-5 9:18:41'),
('492','06328386506','54605716609',0,'Roberto Silva','2020-12-13 14:38:49'),
('493','06764228904','76444408910',0.18,'Roberto Silva','2021-4-28 12:36:39'),
('494','12922909805','54605716609',0.05,'Roberto Silva','2021-6-13 15:55:04'),
('495','66066056403','76444408910',0.15,'Roberto Silva','2021-7-10 16:23:09'),
('496','66066056403','21310038311',0,'Roberto Silva','2021-1-24 16:10:54'),
('497','49914766802','40836022408',0.15,NULL,'2021-7-7 9:37:12'),
('498','49914766802','21310038311',0.18,NULL,'2021-6-8 10:12:42'),
('499','49914766802','21310038311',0.18,'Daniel Carlos','2020-12-7 17:35:41'),
('500','12922909805','21310038311',0.10,NULL,'2021-7-17 17:49:03'),
('501','49336575907','21310038311',0.15,NULL,'2021-7-2 11:56:20'),
('502','49336575907','54605716609',0.05,NULL,'2021-7-9 10:20:24'),
('503','49914766802','76444408910',0.05,'Roberto Silva','2021-10-19 13:36:16'),
('504','41597400201','76444408910',0.18,'Daniel Carlos','2020-12-17 13:10:25'),
('505','49914766802','54605716609',0.10,'Daniel Carlos','2021-2-14 17:59:42'),
('506','06764228904','63740753912',0,'Daniel Carlos','2021-11-4 12:30:00'),
('507','49336575907','63740753912',0.05,'Daniel Carlos','2021-8-15 14:58:52'),
('508','49336575907','40836022408',0,'Roberto Silva','2021-8-5 10:25:52'),
('509','06764228904','21310038311',0.18,'Daniel Carlos','2021-11-16 17:21:48'),
('510','12922909805','54605716609',0.15,'Roberto Silva','2021-3-7 17:27:41'),
('511','06764228904','21310038311',0.05,NULL,'2021-10-9 14:06:24'),
('512','66066056403','76444408910',0.10,NULL,'2021-3-6 17:34:21'),
('513','49336575907','76444408910',0.02,'Daniel Carlos','2021-10-3 9:40:26'),
('514','12922909805','21310038311',0.18,NULL,'2021-8-3 16:07:45'),
('515','49914766802','40836022408',0.02,NULL,'2021-9-21 10:18:54'),
('516','41597400201','21310038311',0.05,'Daniel Carlos','2021-4-18 11:55:38'),
('517','41597400201','76444408910',0.10,NULL,'2021-2-13 11:42:36'),
('518','66066056403','40836022408',0,NULL,'2021-7-27 12:25:08'),
('519','41597400201','54605716609',0.02,NULL,'2021-10-6 14:33:56'),
('520','41597400201','54605716609',0,'Roberto Silva','2021-5-15 15:52:53'),
('521','06328386506','63740753912',0.05,'Roberto Silva','2021-1-24 12:51:19'),
('522','06764228904','21310038311',0.18,'Daniel Carlos','2021-3-29 12:30:17'),
('523','06328386506','21310038311',0.10,'Roberto Silva','2021-6-11 15:33:51'),
('524','49336575907','40836022408',0.05,NULL,'2021-8-30 15:25:57'),
('525','41597400201','54605716609',0.05,NULL,'2021-8-18 16:29:35'),
('526','49336575907','63740753912',0.10,'Roberto Silva','2021-3-15 15:36:33'),
('527','66066056403','63740753912',0.02,'Daniel Carlos','2021-6-7 10:57:58'),
('528','41597400201','54605716609',0.05,'Roberto Silva','2021-3-12 12:27:39'),
('529','49914766802','40836022408',0,'Daniel Carlos','2021-10-28 17:09:21'),
('530','66066056403','21310038311',0.10,'Daniel Carlos','2021-6-12 9:37:40'),
('531','12922909805','63740753912',0,'Daniel Carlos','2021-10-23 11:25:19'),
('532','49336575907','21310038311',0.15,NULL,'2020-12-13 15:29:00'),
('533','12922909805','63740753912',0.15,NULL,'2021-11-2 12:04:09'),
('534','66066056403','40836022408',0.10,'Daniel Carlos','2021-8-6 14:00:27');





INSERT INTO produto(codigo_produto,nome,descricao,preco,comissao) values
('0000033801','Máquina de solda inversora',NULL,10.00,0.02),
('0000002402','Kit para unhas em gel',NULL,20.00,0.05),
('0000078403','Boneca Reborn original',NULL,15.00,0.05),
('0000028004','Capa de chuva para motoqueiro',NULL,8.00,0.02),
('0000068005','Tênis Olympikus feminino',NULL,5.00,0.02),
('0000059606','Churrasqueira tijolinho',NULL,4.00,0.02),
('0000033707','Capacho',NULL,10.00,0.02),
('0000089708','Samsung A01',NULL,20.00,0.02),
('0000092909','Mousepad gamer',NULL,25.00,0.02),
('0000059810','Placa de vídeo 4GB',NULL,10000.00,0.00),
('0000049111','Caneta 3D',NULL,100.00,0.05),
('0000081112','Chevette',NULL,600.00,0.05);

INSERT INTO contracheque(data_ref,vendedor,salario) values
('2021-08-01','40836022408',2000.00),
('2021-08-01','54605716609',1500.00),
('2021-08-01','76444408910',4000.00),
('2021-08-01','21310038311',1500.00),
('2021-08-01','63740753912',2000.00),
('2021-09-01','40836022408',2000.00),
('2021-09-01','54605716609',1500.00),
('2021-09-01','76444408910',4000.00),
('2021-09-01','21310038311',1500.00),
('2021-09-01','63740753912',2000.00);



INSERT INTO item(codigo_item,nota_fiscal,codigo_produto,quantidade,precoun,comissao) values
('1','1','0000033801',3,10.0,0.02),
('2','1','0000081112',1,600.0,0.05),
('3','1','0000049111',1,100.0,0.05),
('1','2','0000002402',1,20.0,0.05),
('1','3','0000078403',1,15.0,0.05),
('1','4','0000028004',1,8.0,0.02),
('2','4','0000092909',1,25.0,0.02),
('3','4','0000002402',1,20.0,0.05),
('1','5','0000068005',1,5.0,0.02),
('2','5','0000078403',1,15.0,0.05),
('3','5','0000033801',1,10.0,0.02),
('4','5','0000049111',1,100.0,0.05),
('5','5','0000068005',1,5.0,0.02),
('6','5','0000078403',1,15.0,0.05),
('7','5','0000059810',1,10000.0,0),
('1','6','0000059606',1,4.0,0.02),
('2','6','0000068005',1,5.0,0.02),
('1','7','0000033707',1,10.0,0.02),
('2','7','0000033801',1,10.0,0.02),
('3','7','0000028004',1,8.0,0.02),
('1','8','0000033801',1,10.0,0.02),
('1','9','0000002402',1,20.0,0.05),
('2','9','0000059810',1,10000.0,0),
('1','10','0000059810',1,10000.0,0),
('2','10','0000059810',10,10.0,0),
('3','10','0000033707',1,10.0,0.02),
('1','11','0000028004',1,8.0,0.02),
('2','11','0000089708',1,20.0,0.02),
('1','12','0000068005',1,5.0,0.02),
('2','12','0000059810',1,10000.0,0),
('1','13','0000059606',1,4.0,0.02),
('2','13','0000033707',1,10.0,0.02),
('1','14','0000033801',1,10.0,0.02),
('1','15','0000002402',2,20.0,0.05),
('1','16','0000078403',3,15.0,0.05),
('1','17','0000028004',4,8.0,0.02),
('1','18','0000068005',4,5.0,0.02),
('1','19','0000059606',1,4.0,0.02),
('1','20','0000033707',30,10.0,0.02),
('1','21','0000089708',3,20.0,0.02),
('1','22','0000092909',4,25.0,0.02),
('1','23','0000059810',4,10000.0,0),
('1','24','0000049111',1,100.0,0.05),
('1','25','0000081112',2,600.0,0.05),
('1','26','0000033801',3,10.0,0.02),
('1','27','0000002402',4,20.0,0.05),
('1','28','0000078403',4,15.0,0.05),
('1','29','0000028004',1,8.0,0.02),
('1','30','0000068005',2,5.0,0.02),
('1','31','0000059606',3,4.0,0.02),
('1','32','0000033707',4,10.0,0.02),
('1','33','0000089708',4,20.0,0.02),
('1','34','0000092909',1,25.0,0.02),
('1','35','0000059810',1,10000.0,0),
('1','36','0000059810',5,1,0),
('1','37','0000002402',10,1,0),
('1','38','0000089708',6,1,0),
('1','39','0000028004',2,1,0),
('1','40','0000089708',10,1,0),
('1','41','0000059810',5,1,0),
('1','42','0000033801',4,1,0),
('1','43','0000059810',3,1,0),
('1','44','0000049111',6,1,0),
('1','45','0000059810',7,1,0),
('1','46','0000081112',8,1,0),
('1','47','0000059606',9,1,0),
('1','48','0000059810',7,1,0),
('1','49','0000033801',4,1,0),
('1','50','0000081112',6,1,0),
('1','51','0000033801',7,1,0),
('1','52','0000002402',3,1,0),
('1','53','0000092909',5,1,0),
('1','54','0000092909',6,1,0),
('1','55','0000059606',6,1,0),
('1','56','0000059606',2,1,0),
('1','57','0000033707',6,1,0),
('1','58','0000068005',8,1,0),
('1','59','0000078403',2,1,0),
('1','60','0000078403',3,1,0),
('1','61','0000078403',5,1,0),
('1','62','0000033707',1,1,0),
('1','63','0000028004',2,1,0),
('1','64','0000002402',4,1,0),
('1','65','0000068005',9,1,0),
('1','66','0000049111',5,1,0),
('1','67','0000068005',3,1,0),
('1','68','0000092909',2,1,0),
('1','69','0000049111',10,1,0),
('1','70','0000033707',2,1,0),
('1','71','0000049111',8,1,0),
('1','72','0000028004',6,1,0),
('1','73','0000002402',1,1,0),
('1','74','0000078403',1,1,0),
('1','75','0000059606',5,1,0),
('1','76','0000033801',2,1,0),
('1','77','0000089708',8,1,0),
('1','78','0000059606',9,1,0),
('1','79','0000002402',7,1,0),
('1','80','0000089708',4,1,0),
('1','81','0000002402',6,1,0),
('1','82','0000028004',2,1,0),
('1','83','0000089708',8,1,0),
('1','84','0000092909',5,1,0),
('1','85','0000049111',10,1,0),
('1','86','0000092909',3,1,0),
('1','87','0000059606',7,1,0),
('1','88','0000033801',3,1,0),
('1','89','0000002402',6,1,0),
('1','90','0000033707',6,1,0),
('1','91','0000033707',7,1,0),
('1','92','0000059810',4,1,0),
('1','93','0000049111',6,1,0),
('1','94','0000068005',2,1,0),
('1','95','0000002402',1,1,0),
('1','96','0000078403',3,1,0),
('1','97','0000049111',3,1,0),
('1','98','0000028004',4,1,0),
('1','99','0000078403',3,1,0),
('1','100','0000081112',8,1,0),
('1','101','0000028004',3,1,0),
('1','102','0000033707',3,1,0),
('1','103','0000081112',8,1,0),
('1','104','0000033707',5,1,0),
('1','105','0000081112',6,1,0),
('1','106','0000089708',9,1,0),
('1','107','0000033801',7,1,0),
('1','108','0000089708',1,1,0),
('1','109','0000068005',5,1,0),
('1','110','0000033707',3,1,0),
('1','111','0000081112',4,1,0),
('1','112','0000089708',9,1,0),
('1','113','0000092909',8,1,0),
('1','114','0000028004',6,1,0),
('1','115','0000002402',3,1,0),
('1','116','0000081112',8,1,0),
('1','117','0000068005',7,1,0),
('1','118','0000068005',8,1,0),
('1','119','0000089708',7,1,0),
('1','120','0000059810',4,1,0),
('1','121','0000059606',8,1,0),
('1','122','0000059810',9,1,0),
('1','123','0000033707',6,1,0),
('1','124','0000033707',4,1,0),
('1','125','0000028004',3,1,0),
('1','126','0000033707',4,1,0),
('1','127','0000078403',9,1,0),
('1','128','0000078403',2,1,0),
('1','129','0000049111',9,1,0),
('1','130','0000033801',4,1,0),
('1','131','0000059606',9,1,0),
('1','132','0000028004',6,1,0),
('1','133','0000033707',3,1,0),
('1','134','0000033801',10,1,0),
('1','135','0000092909',8,1,0),
('1','136','0000081112',7,1,0),
('1','137','0000068005',3,1,0),
('1','138','0000033801',8,1,0),
('1','139','0000033801',7,1,0),
('1','140','0000002402',2,1,0),
('1','141','0000002402',8,1,0),
('1','142','0000002402',1,1,0),
('1','143','0000089708',9,1,0),
('1','144','0000068005',7,1,0),
('1','145','0000028004',2,1,0),
('1','146','0000092909',2,1,0),
('1','147','0000033707',5,1,0),
('1','148','0000049111',4,1,0),
('1','149','0000078403',8,1,0),
('1','150','0000059606',3,1,0),
('1','151','0000028004',10,1,0),
('1','152','0000068005',10,1,0),
('1','153','0000059810',4,1,0),
('1','154','0000033801',5,1,0),
('1','155','0000033801',5,1,0),
('1','156','0000049111',2,1,0),
('1','157','0000078403',2,1,0),
('1','158','0000049111',2,1,0),
('1','159','0000089708',4,1,0),
('1','160','0000049111',6,1,0),
('1','161','0000049111',8,1,0),
('1','162','0000033707',7,1,0),
('1','163','0000078403',6,1,0),
('1','164','0000078403',4,1,0),
('1','165','0000078403',9,1,0),
('1','166','0000092909',8,1,0),
('1','167','0000033707',5,1,0),
('1','168','0000092909',7,1,0),
('1','169','0000033801',6,1,0),
('1','170','0000089708',9,1,0),
('1','171','0000033707',9,1,0),
('1','172','0000068005',6,1,0),
('1','173','0000033707',7,1,0),
('1','174','0000092909',4,1,0),
('1','175','0000002402',10,1,0),
('1','176','0000089708',8,1,0),
('1','177','0000059810',10,1,0),
('1','178','0000059606',8,1,0),
('1','179','0000092909',5,1,0),
('1','180','0000002402',5,1,0),
('1','181','0000078403',9,1,0),
('1','182','0000081112',3,1,0),
('1','183','0000078403',6,1,0),
('1','184','0000078403',5,1,0),
('1','185','0000081112',9,1,0),
('1','186','0000028004',7,1,0),
('1','187','0000068005',2,1,0),
('1','188','0000059810',4,1,0),
('1','189','0000068005',5,1,0),
('1','190','0000049111',4,1,0),
('1','191','0000059606',5,1,0),
('1','192','0000089708',2,1,0),
('1','193','0000078403',2,1,0),
('1','194','0000089708',5,1,0),
('1','195','0000059606',5,1,0),
('1','196','0000081112',4,1,0),
('1','197','0000028004',6,1,0),
('1','198','0000028004',5,1,0),
('1','199','0000049111',8,1,0),
('1','200','0000049111',3,1,0),
('1','201','0000092909',7,1,0),
('1','202','0000078403',1,1,0),
('1','203','0000078403',7,1,0),
('1','204','0000059810',1,1,0),
('1','205','0000092909',4,1,0),
('1','206','0000033707',9,1,0),
('1','207','0000059810',8,1,0),
('1','208','0000092909',4,1,0),
('1','209','0000081112',7,1,0),
('1','210','0000033801',4,1,0),
('1','211','0000028004',5,1,0),
('1','212','0000049111',5,1,0),
('1','213','0000049111',8,1,0),
('1','214','0000081112',7,1,0),
('1','215','0000059606',5,1,0),
('1','216','0000068005',10,1,0),
('1','217','0000059810',6,1,0),
('1','218','0000002402',10,1,0),
('1','219','0000068005',9,1,0),
('1','220','0000028004',2,1,0),
('1','221','0000028004',8,1,0),
('1','222','0000068005',9,1,0),
('1','223','0000033707',7,1,0),
('1','224','0000059810',6,1,0),
('1','225','0000059606',7,1,0),
('1','226','0000089708',8,1,0),
('1','227','0000059810',5,1,0),
('1','228','0000078403',5,1,0),
('1','229','0000092909',10,1,0),
('1','230','0000028004',5,1,0),
('1','231','0000049111',8,1,0),
('1','232','0000033801',9,1,0),
('1','233','0000033801',2,1,0),
('1','234','0000059606',5,1,0),
('1','235','0000068005',8,1,0),
('1','236','0000081112',3,1,0),
('1','237','0000033801',2,1,0),
('1','238','0000068005',8,1,0),
('1','239','0000092909',4,1,0),
('1','240','0000049111',8,1,0),
('1','241','0000033801',2,1,0),
('1','242','0000033801',9,1,0),
('1','243','0000033707',3,1,0),
('1','244','0000033707',2,1,0),
('1','245','0000068005',5,1,0),
('1','246','0000049111',10,1,0),
('1','247','0000078403',6,1,0),
('1','248','0000049111',2,1,0),
('1','249','0000028004',9,1,0),
('1','250','0000092909',8,1,0),
('1','251','0000078403',6,1,0),
('1','252','0000078403',8,1,0),
('1','253','0000068005',6,1,0),
('1','254','0000049111',9,1,0),
('1','255','0000068005',4,1,0),
('1','256','0000028004',5,1,0),
('1','257','0000092909',3,1,0),
('1','258','0000078403',4,1,0),
('1','259','0000068005',5,1,0),
('1','260','0000089708',2,1,0),
('1','261','0000049111',5,1,0),
('1','262','0000002402',10,1,0),
('1','263','0000049111',4,1,0),
('1','264','0000068005',8,1,0),
('1','265','0000033707',3,1,0),
('1','266','0000033707',4,1,0),
('1','267','0000049111',6,1,0),
('1','268','0000049111',8,1,0),
('1','269','0000028004',2,1,0),
('1','270','0000059606',10,1,0),
('1','271','0000089708',10,1,0),
('1','272','0000002402',2,1,0),
('1','273','0000059810',3,1,0),
('1','274','0000078403',4,1,0),
('1','275','0000089708',8,1,0),
('1','276','0000002402',6,1,0),
('1','277','0000059606',6,1,0),
('1','278','0000049111',3,1,0),
('1','279','0000033707',9,1,0),
('1','280','0000059810',6,1,0),
('1','281','0000089708',3,1,0),
('1','282','0000078403',8,1,0),
('1','283','0000081112',8,1,0),
('1','284','0000081112',2,1,0),
('1','285','0000081112',10,1,0),
('1','286','0000081112',4,1,0),
('1','287','0000078403',8,1,0),
('1','288','0000078403',1,1,0),
('1','289','0000059810',8,1,0),
('1','290','0000081112',5,1,0),
('1','291','0000092909',5,1,0),
('1','292','0000092909',10,1,0),
('1','293','0000002402',3,1,0),
('1','294','0000028004',4,1,0),
('1','295','0000068005',1,1,0),
('1','296','0000092909',4,1,0),
('1','297','0000028004',1,1,0),
('1','298','0000078403',7,1,0),
('1','299','0000033801',3,1,0),
('1','300','0000092909',2,1,0),
('1','301','0000081112',7,1,0),
('1','302','0000081112',6,1,0),
('1','303','0000033801',4,1,0),
('1','304','0000059606',6,1,0),
('1','305','0000028004',5,1,0),
('1','306','0000078403',3,1,0),
('1','307','0000028004',6,1,0),
('1','308','0000033707',5,1,0),
('1','309','0000002402',6,1,0),
('1','310','0000068005',2,1,0),
('1','311','0000059810',10,1,0),
('1','312','0000028004',2,1,0),
('1','313','0000049111',4,1,0),
('1','314','0000059606',9,1,0),
('1','315','0000089708',9,1,0),
('1','316','0000059606',8,1,0),
('1','317','0000081112',4,1,0),
('1','318','0000002402',1,1,0),
('1','319','0000033707',7,1,0),
('1','320','0000059810',3,1,0),
('1','321','0000078403',1,1,0),
('1','322','0000089708',2,1,0),
('1','323','0000049111',3,1,0),
('1','324','0000049111',8,1,0),
('1','325','0000033801',4,1,0),
('1','326','0000081112',9,1,0),
('1','327','0000092909',4,1,0),
('1','328','0000049111',9,1,0),
('1','329','0000028004',9,1,0),
('1','330','0000081112',9,1,0),
('1','331','0000033707',4,1,0),
('1','332','0000059810',7,1,0),
('1','333','0000049111',9,1,0),
('1','334','0000049111',9,1,0),
('1','335','0000033801',3,1,0),
('1','336','0000089708',2,1,0),
('1','337','0000028004',5,1,0),
('1','338','0000002402',8,1,0),
('1','339','0000033801',5,1,0),
('1','340','0000059810',3,1,0),
('1','341','0000059606',9,1,0),
('1','342','0000081112',9,1,0),
('1','343','0000068005',10,1,0),
('1','344','0000028004',10,1,0),
('1','345','0000028004',4,1,0),
('1','346','0000028004',4,1,0),
('1','347','0000033707',4,1,0),
('1','348','0000033801',6,1,0),
('1','349','0000089708',2,1,0),
('1','350','0000081112',9,1,0),
('1','351','0000033801',5,1,0),
('1','352','0000081112',2,1,0),
('1','353','0000059810',5,1,0),
('1','354','0000081112',4,1,0),
('1','355','0000078403',3,1,0),
('1','356','0000092909',6,1,0),
('1','357','0000033801',4,1,0),
('1','358','0000033801',8,1,0),
('1','359','0000092909',6,1,0),
('1','360','0000028004',3,1,0),
('1','361','0000089708',4,1,0),
('1','362','0000092909',2,1,0),
('1','363','0000068005',4,1,0),
('1','364','0000078403',1,1,0),
('1','365','0000068005',1,1,0),
('1','366','0000089708',7,1,0),
('1','367','0000081112',6,1,0),
('1','368','0000059606',1,1,0),
('1','369','0000002402',8,1,0),
('1','370','0000033801',8,1,0),
('1','371','0000033707',2,1,0),
('1','372','0000033707',9,1,0),
('1','373','0000081112',7,1,0),
('1','374','0000081112',2,1,0),
('1','375','0000033801',7,1,0),
('1','376','0000028004',10,1,0),
('1','377','0000092909',2,1,0),
('1','378','0000089708',2,1,0),
('1','379','0000033801',3,1,0),
('1','380','0000081112',6,1,0),
('1','381','0000059606',5,1,0),
('1','382','0000078403',5,1,0),
('1','383','0000049111',8,1,0),
('1','384','0000059606',3,1,0),
('1','385','0000089708',5,1,0),
('1','386','0000033707',2,1,0),
('1','387','0000078403',3,1,0),
('1','388','0000002402',9,1,0),
('1','389','0000092909',5,1,0),
('1','390','0000049111',8,1,0),
('1','391','0000059810',5,1,0),
('1','392','0000081112',3,1,0),
('1','393','0000081112',4,1,0),
('1','394','0000068005',3,1,0),
('1','395','0000081112',4,1,0),
('1','396','0000059810',3,1,0),
('1','397','0000081112',7,1,0),
('1','398','0000028004',5,1,0),
('1','399','0000068005',2,1,0),
('1','400','0000059606',1,1,0),
('1','401','0000033801',4,1,0),
('1','402','0000049111',9,1,0),
('1','403','0000092909',10,1,0),
('1','404','0000033707',3,1,0),
('1','405','0000002402',1,1,0),
('1','406','0000089708',5,1,0),
('1','407','0000089708',6,1,0),
('1','408','0000092909',8,1,0),
('1','409','0000049111',8,1,0),
('1','410','0000002402',2,1,0),
('1','411','0000081112',9,1,0),
('1','412','0000078403',2,1,0),
('1','413','0000033801',8,1,0),
('1','414','0000089708',3,1,0),
('1','415','0000033707',1,1,0),
('1','416','0000089708',5,1,0),
('1','417','0000059810',8,1,0),
('1','418','0000092909',4,1,0),
('1','419','0000033707',6,1,0),
('1','420','0000059810',5,1,0),
('1','421','0000059606',9,1,0),
('1','422','0000002402',10,1,0),
('1','423','0000092909',4,1,0),
('1','424','0000068005',7,1,0),
('1','425','0000081112',6,1,0),
('1','426','0000089708',7,1,0),
('1','427','0000028004',7,1,0),
('1','428','0000081112',5,1,0),
('1','429','0000033707',7,1,0),
('1','430','0000059606',3,1,0),
('1','431','0000081112',4,1,0),
('1','432','0000033801',10,1,0),
('1','433','0000033801',1,1,0),
('1','434','0000081112',5,1,0),
('1','435','0000089708',7,1,0),
('1','436','0000002402',9,1,0),
('1','437','0000068005',5,1,0),
('1','438','0000033707',3,1,0),
('1','439','0000081112',10,1,0),
('1','440','0000078403',6,1,0),
('1','441','0000028004',7,1,0),
('1','442','0000078403',6,1,0),
('1','443','0000089708',9,1,0),
('1','444','0000028004',6,1,0),
('1','445','0000068005',2,1,0),
('1','446','0000049111',9,1,0),
('1','447','0000033801',7,1,0),
('1','448','0000002402',8,1,0),
('1','449','0000033707',3,1,0),
('1','450','0000028004',8,1,0),
('1','451','0000049111',7,1,0),
('1','452','0000059606',4,1,0),
('1','453','0000033801',9,1,0),
('1','454','0000081112',7,1,0),
('1','455','0000089708',9,1,0),
('1','456','0000078403',3,1,0),
('1','457','0000059810',8,1,0),
('1','458','0000059606',7,1,0),
('1','459','0000059810',4,1,0),
('1','460','0000081112',2,1,0),
('1','461','0000059810',2,1,0),
('1','462','0000078403',8,1,0),
('1','463','0000081112',8,1,0),
('1','464','0000059606',5,1,0),
('1','465','0000049111',8,1,0),
('1','466','0000002402',3,1,0),
('1','467','0000002402',5,1,0),
('1','468','0000033707',9,1,0),
('1','469','0000078403',8,1,0),
('1','470','0000089708',4,1,0),
('1','471','0000081112',3,1,0),
('1','472','0000092909',9,1,0),
('1','473','0000092909',2,1,0),
('1','474','0000089708',7,1,0),
('1','475','0000089708',9,1,0),
('1','476','0000002402',1,1,0),
('1','477','0000033707',6,1,0),
('1','478','0000002402',8,1,0),
('1','479','0000033707',3,1,0),
('1','480','0000028004',1,1,0),
('1','481','0000059606',5,1,0),
('1','482','0000028004',7,1,0),
('1','483','0000081112',8,1,0),
('1','484','0000033707',8,1,0),
('1','485','0000059810',8,1,0),
('1','486','0000028004',7,1,0),
('1','487','0000049111',10,1,0),
('1','488','0000049111',10,1,0),
('1','489','0000033707',2,1,0),
('1','490','0000028004',8,1,0),
('1','491','0000078403',3,1,0),
('1','492','0000089708',8,1,0),
('1','493','0000002402',10,1,0),
('1','494','0000059606',10,1,0),
('1','495','0000049111',9,1,0),
('1','496','0000078403',7,1,0),
('1','497','0000033707',1,1,0),
('1','498','0000033801',4,1,0),
('1','499','0000092909',2,1,0),
('1','500','0000059810',7,1,0),
('1','501','0000078403',10,1,0),
('1','502','0000033707',8,1,0),
('1','503','0000028004',1,1,0),
('1','504','0000033707',8,1,0),
('1','505','0000078403',5,1,0),
('1','506','0000002402',4,1,0),
('1','507','0000033801',6,1,0),
('1','508','0000033801',5,1,0),
('1','509','0000081112',2,1,0),
('1','510','0000033707',5,1,0),
('1','511','0000033801',3,1,0),
('1','512','0000092909',8,1,0),
('1','513','0000033801',2,1,0),
('1','514','0000059606',1,1,0),
('1','515','0000033801',7,1,0),
('1','516','0000081112',7,1,0),
('1','517','0000089708',2,1,0),
('1','518','0000002402',6,1,0),
('1','519','0000002402',7,1,0),
('1','520','0000089708',2,1,0),
('1','521','0000089708',2,1,0),
('1','522','0000081112',8,1,0),
('1','523','0000078403',8,1,0),
('1','524','0000059810',3,1,0),
('1','525','0000033707',9,1,0),
('1','526','0000028004',9,1,0),
('1','527','0000028004',10,1,0),
('1','528','0000002402',10,1,0),
('1','529','0000089708',2,1,0),
('1','530','0000033801',10,1,0),
('1','531','0000089708',9,1,0),
('1','532','0000068005',2,1,0),
('1','533','0000078403',4,1,0),
('1','534','0000033801',7,1,0);


